{"cameraMode":{"drawMode":0,"name":"Shaded","section":"Shading Mode"},"sceneLighting":false,"audioPlay":false,"sceneViewState":{"showFog":true,"showMaterialUpdate":false,"showSkybox":false,"showFlares":true,"showImageEffects":true,"showParticleSystems":true},"in2DMode":false,"pivot":{"x":2.5243730545043947,"y":-0.6094925403594971,"z":0.5700851082801819},"rotation":{"x":0.12644657492637635,"y":0.04164990782737732,"z":-0.005313728470355272,"w":0.9910878539085388},"size":1.8672289848327637,"orthographic":false}